4.630208333,10
4.713541667,10.3
4.796875,9.9
4.796875,10.2
4.796875,10.2
4.796875,10.3
4.796875,10.4
4.796875,10.7
4.880208333,10
4.880208333,10.1
4.880208333,10.2
4.880208333,10.2
4.880208333,10.3
4.880208333,10.3
4.880208333,10.3
4.880208333,10.4
4.880208333,10.5
4.880208333,10.6
4.880208333,10.7
4.880208333,10.7
4.880208333,10.8
4.880208333,10.8
4.880208333,11
4.880208333,11
4.880208333,11.1
4.880208333,11.1
4.880208333,11.1
4.880208333,11.2
4.880208333,11.2
4.880208333,11.2
4.880208333,11.3
4.963541667,9.9
4.963541667,10
4.963541667,10
4.963541667,10.1
4.963541667,10.1
4.963541667,10.1
4.963541667,10.2
4.963541667,10.2
4.963541667,10.3
4.963541667,10.3
4.963541667,10.4
4.963541667,10.4
4.963541667,10.5
4.963541667,10.5
4.963541667,10.5
4.963541667,10.6
4.963541667,10.6
4.963541667,10.6
4.963541667,10.6
4.963541667,10.7
4.963541667,10.7
4.963541667,10.7
4.963541667,10.7
4.963541667,10.8
4.963541667,10.8
4.963541667,10.8
4.963541667,10.8
4.963541667,10.8
4.963541667,10.9
4.963541667,10.9
4.963541667,11
4.963541667,11
4.963541667,11
4.963541667,11
4.963541667,11
4.963541667,11
4.963541667,11.1
4.963541667,11.1
4.963541667,11.1
4.963541667,11.2
4.963541667,11.2
4.963541667,11.4
4.963541667,11.4
4.963541667,11.4
4.963541667,11.6
4.963541667,11.6
4.963541667,11.8
4.963541667,11.9
5.046875,9.5
5.046875,10.1
5.046875,10.2
5.046875,10.3
5.046875,10.3
5.046875,10.4
5.046875,10.4
5.046875,10.4
5.046875,10.5
5.046875,10.5
5.046875,10.5
5.046875,10.5
5.046875,10.5
5.046875,10.5
5.046875,10.5
5.046875,10.6
5.046875,10.6
5.046875,10.6
5.046875,10.6
5.046875,10.6
5.046875,10.7
5.046875,10.7
5.046875,10.7
5.046875,10.7
5.046875,10.7
5.046875,10.7
5.046875,10.7
5.046875,10.7
5.046875,10.7
5.046875,10.8
5.046875,10.8
5.046875,10.8
5.046875,10.8
5.046875,10.8
5.046875,10.8
5.046875,10.9
5.046875,10.9
5.046875,10.9
5.046875,10.9
5.046875,10.9
5.046875,10.9
5.046875,11
5.046875,11
5.046875,11
5.046875,11
5.046875,11
5.046875,11
5.046875,11
5.046875,11
5.046875,11
5.046875,11
5.046875,11
5.046875,11
5.046875,11.1
5.046875,11.1
5.046875,11.1
5.046875,11.1
5.046875,11.1
5.046875,11.1
5.046875,11.1
5.046875,11.1
5.046875,11.1
5.046875,11.1
5.046875,11.1
5.046875,11.1
5.046875,11.2
5.046875,11.2
5.046875,11.2
5.046875,11.2
5.046875,11.2
5.046875,11.2
5.046875,11.2
5.046875,11.3
5.046875,11.3
5.046875,11.3
5.046875,11.3
5.046875,11.3
5.046875,11.4
5.046875,11.4
5.046875,11.4
5.046875,11.4
5.046875,11.5
5.046875,11.5
5.046875,11.5
5.046875,11.5
5.046875,11.5
5.046875,11.6
5.046875,11.7
5.046875,11.7
5.046875,11.9
5.130208333,9.8
5.130208333,9.9
5.130208333,10
5.130208333,10
5.130208333,10.3
5.130208333,10.3
5.130208333,10.3
5.130208333,10.4
5.130208333,10.4
5.130208333,10.4
5.130208333,10.5
5.130208333,10.5
5.130208333,10.5
5.130208333,10.5
5.130208333,10.5
5.130208333,10.5
5.130208333,10.6
5.130208333,10.6
5.130208333,10.6
5.130208333,10.6
5.130208333,10.6
5.130208333,10.6
5.130208333,10.6
5.130208333,10.6
5.130208333,10.6
5.130208333,10.7
5.130208333,10.7
5.130208333,10.7
5.130208333,10.7
5.130208333,10.7
5.130208333,10.7
5.130208333,10.7
5.130208333,10.7
5.130208333,10.7
5.130208333,10.7
5.130208333,10.7
5.130208333,10.7
5.130208333,10.7
5.130208333,10.7
5.130208333,10.8
5.130208333,10.8
5.130208333,10.8
5.130208333,10.8
5.130208333,10.8
5.130208333,10.8
5.130208333,10.8
5.130208333,10.8
5.130208333,10.8
5.130208333,10.8
5.130208333,10.8
5.130208333,10.8
5.130208333,10.8
5.130208333,10.8
5.130208333,10.9
5.130208333,10.9
5.130208333,10.9
5.130208333,10.9
5.130208333,10.9
5.130208333,10.9
5.130208333,10.9
5.130208333,10.9
5.130208333,10.9
5.130208333,10.9
5.130208333,10.9
5.130208333,10.9
5.130208333,10.9
5.130208333,10.9
5.130208333,11
5.130208333,11
5.130208333,11
5.130208333,11
5.130208333,11
5.130208333,11
5.130208333,11
5.130208333,11
5.130208333,11
5.130208333,11
5.130208333,11
5.130208333,11
5.130208333,11
5.130208333,11
5.130208333,11
5.130208333,11.1
5.130208333,11.1
5.130208333,11.1
5.130208333,11.1
5.130208333,11.1
5.130208333,11.1
5.130208333,11.1
5.130208333,11.1
5.130208333,11.1
5.130208333,11.1
5.130208333,11.1
5.130208333,11.1
5.130208333,11.1
5.130208333,11.1
5.130208333,11.1
5.130208333,11.1
5.130208333,11.1
5.130208333,11.1
5.130208333,11.1
5.130208333,11.1
5.130208333,11.1
5.130208333,11.1
5.130208333,11.2
5.130208333,11.2
5.130208333,11.2
5.130208333,11.2
5.130208333,11.2
5.130208333,11.2
5.130208333,11.2
5.130208333,11.2
5.130208333,11.2
5.130208333,11.2
5.130208333,11.2
5.130208333,11.2
5.130208333,11.2
5.130208333,11.2
5.130208333,11.2
5.130208333,11.2
5.130208333,11.2
5.130208333,11.2
5.130208333,11.2
5.130208333,11.2
5.130208333,11.2
5.130208333,11.3
5.130208333,11.3
5.130208333,11.3
5.130208333,11.3
5.130208333,11.3
5.130208333,11.3
5.130208333,11.3
5.130208333,11.3
5.130208333,11.3
5.130208333,11.3
5.130208333,11.4
5.130208333,11.4
5.130208333,11.4
5.130208333,11.4
5.130208333,11.4
5.130208333,11.4
5.130208333,11.4
5.130208333,11.4
5.130208333,11.4
5.130208333,11.5
5.130208333,11.5
5.130208333,11.5
5.130208333,11.5
5.130208333,11.5
5.130208333,11.5
5.130208333,11.5
5.130208333,11.5
5.130208333,11.5
5.130208333,11.5
5.130208333,11.5
5.130208333,11.6
5.130208333,11.6
5.130208333,11.6
5.130208333,11.6
5.130208333,11.7
5.130208333,11.7
5.130208333,11.7
5.130208333,11.7
5.130208333,11.7
5.130208333,11.7
5.130208333,11.7
5.130208333,11.7
5.130208333,11.7
5.130208333,11.8
5.130208333,11.8
5.130208333,11.9
5.130208333,11.9
5.130208333,12
5.130208333,12.2
5.130208333,12.4
5.213541667,10.1
5.213541667,10.2
5.213541667,10.2
5.213541667,10.3
5.213541667,10.3
5.213541667,10.3
5.213541667,10.3
5.213541667,10.3
5.213541667,10.4
5.213541667,10.4
5.213541667,10.4
5.213541667,10.4
5.213541667,10.5
5.213541667,10.5
5.213541667,10.5
5.213541667,10.5
5.213541667,10.6
5.213541667,10.6
5.213541667,10.6
5.213541667,10.6
5.213541667,10.6
5.213541667,10.6
5.213541667,10.6
5.213541667,10.6
5.213541667,10.6
5.213541667,10.6
5.213541667,10.6
5.213541667,10.6
5.213541667,10.6
5.213541667,10.6
5.213541667,10.7
5.213541667,10.7
5.213541667,10.7
5.213541667,10.7
5.213541667,10.7
5.213541667,10.7
5.213541667,10.7
5.213541667,10.7
5.213541667,10.7
5.213541667,10.7
5.213541667,10.7
5.213541667,10.7
5.213541667,10.7
5.213541667,10.7
5.213541667,10.7
5.213541667,10.7
5.213541667,10.8
5.213541667,10.8
5.213541667,10.8
5.213541667,10.8
5.213541667,10.8
5.213541667,10.8
5.213541667,10.8
5.213541667,10.8
5.213541667,10.8
5.213541667,10.8
5.213541667,10.8
5.213541667,10.8
5.213541667,10.8
5.213541667,10.8
5.213541667,10.8
5.213541667,10.8
5.213541667,10.8
5.213541667,10.8
5.213541667,10.8
5.213541667,10.8
5.213541667,10.8
5.213541667,10.8
5.213541667,10.8
5.213541667,10.8
5.213541667,10.8
5.213541667,10.8
5.213541667,10.8
5.213541667,10.9
5.213541667,10.9
5.213541667,10.9
5.213541667,10.9
5.213541667,10.9
5.213541667,10.9
5.213541667,10.9
5.213541667,10.9
5.213541667,10.9
5.213541667,10.9
5.213541667,10.9
5.213541667,10.9
5.213541667,10.9
5.213541667,10.9
5.213541667,10.9
5.213541667,10.9
5.213541667,10.9
5.213541667,10.9
5.213541667,10.9
5.213541667,10.9
5.213541667,10.9
5.213541667,10.9
5.213541667,10.9
5.213541667,10.9
5.213541667,11
5.213541667,11
5.213541667,11
5.213541667,11
5.213541667,11
5.213541667,11
5.213541667,11
5.213541667,11
5.213541667,11
5.213541667,11
5.213541667,11
5.213541667,11
5.213541667,11
5.213541667,11
5.213541667,11
5.213541667,11
5.213541667,11
5.213541667,11
5.213541667,11
5.213541667,11
5.213541667,11
5.213541667,11
5.213541667,11
5.213541667,11
5.213541667,11
5.213541667,11
5.213541667,11
5.213541667,11
5.213541667,11
5.213541667,11
5.213541667,11
5.213541667,11.1
5.213541667,11.1
5.213541667,11.1
5.213541667,11.1
5.213541667,11.1
5.213541667,11.1
5.213541667,11.1
5.213541667,11.1
5.213541667,11.1
5.213541667,11.1
5.213541667,11.1
5.213541667,11.1
5.213541667,11.1
5.213541667,11.1
5.213541667,11.1
5.213541667,11.1
5.213541667,11.1
5.213541667,11.1
5.213541667,11.1
5.213541667,11.1
5.213541667,11.1
5.213541667,11.1
5.213541667,11.1
5.213541667,11.1
5.213541667,11.1
5.213541667,11.1
5.213541667,11.2
5.213541667,11.2
5.213541667,11.2
5.213541667,11.2
5.213541667,11.2
5.213541667,11.2
5.213541667,11.2
5.213541667,11.2
5.213541667,11.2
5.213541667,11.2
5.213541667,11.2
5.213541667,11.2
5.213541667,11.2
5.213541667,11.2
5.213541667,11.2
5.213541667,11.2
5.213541667,11.2
5.213541667,11.2
5.213541667,11.2
5.213541667,11.2
5.213541667,11.2
5.213541667,11.2
5.213541667,11.2
5.213541667,11.2
5.213541667,11.2
5.213541667,11.2
5.213541667,11.2
5.213541667,11.2
5.213541667,11.2
5.213541667,11.2
5.213541667,11.3
5.213541667,11.3
5.213541667,11.3
5.213541667,11.3
5.213541667,11.3
5.213541667,11.3
5.213541667,11.3
5.213541667,11.3
5.213541667,11.3
5.213541667,11.3
5.213541667,11.3
5.213541667,11.3
5.213541667,11.3
5.213541667,11.3
5.213541667,11.3
5.213541667,11.3
5.213541667,11.3
5.213541667,11.3
5.213541667,11.3
5.213541667,11.3
5.213541667,11.3
5.213541667,11.3
5.213541667,11.3
5.213541667,11.3
5.213541667,11.4
5.213541667,11.4
5.213541667,11.4
5.213541667,11.4
5.213541667,11.4
5.213541667,11.4
5.213541667,11.4
5.213541667,11.4
5.213541667,11.4
5.213541667,11.4
5.213541667,11.4
5.213541667,11.4
5.213541667,11.4
5.213541667,11.4
5.213541667,11.4
5.213541667,11.4
5.213541667,11.4
5.213541667,11.4
5.213541667,11.4
5.213541667,11.4
5.213541667,11.4
5.213541667,11.4
5.213541667,11.4
5.213541667,11.4
5.213541667,11.4
5.213541667,11.4
5.213541667,11.4
5.213541667,11.4
5.213541667,11.4
5.213541667,11.5
5.213541667,11.5
5.213541667,11.5
5.213541667,11.5
5.213541667,11.5
5.213541667,11.5
5.213541667,11.5
5.213541667,11.5
5.213541667,11.5
5.213541667,11.5
5.213541667,11.5
5.213541667,11.5
5.213541667,11.5
5.213541667,11.5
5.213541667,11.5
5.213541667,11.5
5.213541667,11.5
5.213541667,11.6
5.213541667,11.6
5.213541667,11.6
5.213541667,11.6
5.213541667,11.6
5.213541667,11.6
5.213541667,11.6
5.213541667,11.6
5.213541667,11.6
5.213541667,11.6
5.213541667,11.6
5.213541667,11.6
5.213541667,11.6
5.213541667,11.7
5.213541667,11.7
5.213541667,11.7
5.213541667,11.7
5.213541667,11.7
5.213541667,11.7
5.213541667,11.7
5.213541667,11.7
5.213541667,11.7
5.213541667,11.7
5.213541667,11.7
5.213541667,11.7
5.213541667,11.7
5.213541667,11.7
5.213541667,11.7
5.213541667,11.7
5.213541667,11.7
5.213541667,11.8
5.213541667,11.8
5.213541667,11.8
5.213541667,11.8
5.213541667,11.8
5.213541667,11.8
5.213541667,11.8
5.213541667,11.8
5.213541667,11.8
5.213541667,11.8
5.213541667,11.8
5.213541667,11.9
5.213541667,11.9
5.213541667,11.9
5.213541667,11.9
5.213541667,11.9
5.213541667,11.9
5.213541667,11.9
5.213541667,11.9
5.213541667,11.9
5.213541667,11.9
5.213541667,11.9
5.213541667,11.9
5.213541667,12
5.213541667,12
5.213541667,12
5.213541667,12
5.213541667,12.1
5.213541667,12.1
5.213541667,12.2
5.213541667,12.2
5.213541667,12.4
5.213541667,12.5
5.296875,10.1
5.296875,10.4
5.296875,10.4
5.296875,10.4
5.296875,10.5
5.296875,10.5
5.296875,10.5
5.296875,10.6
5.296875,10.6
5.296875,10.6
5.296875,10.6
5.296875,10.6
5.296875,10.6
5.296875,10.7
5.296875,10.7
5.296875,10.7
5.296875,10.7
5.296875,10.7
5.296875,10.7
5.296875,10.7
5.296875,10.7
5.296875,10.7
5.296875,10.7
5.296875,10.7
5.296875,10.7
5.296875,10.7
5.296875,10.7
5.296875,10.7
5.296875,10.8
5.296875,10.8
5.296875,10.8
5.296875,10.8
5.296875,10.8
5.296875,10.8
5.296875,10.8
5.296875,10.8
5.296875,10.8
5.296875,10.8
5.296875,10.9
5.296875,10.9
5.296875,10.9
5.296875,10.9
5.296875,10.9
5.296875,10.9
5.296875,10.9
5.296875,10.9
5.296875,10.9
5.296875,10.9
5.296875,10.9
5.296875,10.9
5.296875,10.9
5.296875,10.9
5.296875,10.9
5.296875,10.9
5.296875,10.9
5.296875,10.9
5.296875,10.9
5.296875,10.9
5.296875,10.9
5.296875,10.9
5.296875,10.9
5.296875,10.9
5.296875,10.9
5.296875,10.9
5.296875,10.9
5.296875,11
5.296875,11
5.296875,11
5.296875,11
5.296875,11
5.296875,11
5.296875,11
5.296875,11
5.296875,11
5.296875,11
5.296875,11
5.296875,11
5.296875,11
5.296875,11
5.296875,11
5.296875,11
5.296875,11
5.296875,11
5.296875,11
5.296875,11
5.296875,11
5.296875,11
5.296875,11
5.296875,11
5.296875,11
5.296875,11
5.296875,11
5.296875,11
5.296875,11
5.296875,11
5.296875,11
5.296875,11
5.296875,11
5.296875,11
5.296875,11
5.296875,11
5.296875,11
5.296875,11.1
5.296875,11.1
5.296875,11.1
5.296875,11.1
5.296875,11.1
5.296875,11.1
5.296875,11.1
5.296875,11.1
5.296875,11.1
5.296875,11.1
5.296875,11.1
5.296875,11.1
5.296875,11.1
5.296875,11.1
5.296875,11.1
5.296875,11.1
5.296875,11.1
5.296875,11.1
5.296875,11.1
5.296875,11.1
5.296875,11.1
5.296875,11.1
5.296875,11.1
5.296875,11.1
5.296875,11.2
5.296875,11.2
5.296875,11.2
5.296875,11.2
5.296875,11.2
5.296875,11.2
5.296875,11.2
5.296875,11.2
5.296875,11.2
5.296875,11.2
5.296875,11.2
5.296875,11.2
5.296875,11.2
5.296875,11.2
5.296875,11.2
5.296875,11.2
5.296875,11.2
5.296875,11.2
5.296875,11.2
5.296875,11.2
5.296875,11.2
5.296875,11.2
5.296875,11.2
5.296875,11.2
5.296875,11.2
5.296875,11.2
5.296875,11.2
5.296875,11.2
5.296875,11.2
5.296875,11.2
5.296875,11.2
5.296875,11.2
5.296875,11.2
5.296875,11.2
5.296875,11.2
5.296875,11.2
5.296875,11.2
5.296875,11.2
5.296875,11.3
5.296875,11.3
5.296875,11.3
5.296875,11.3
5.296875,11.3
5.296875,11.3
5.296875,11.3
5.296875,11.3
5.296875,11.3
5.296875,11.3
5.296875,11.3
5.296875,11.3
5.296875,11.3
5.296875,11.3
5.296875,11.3
5.296875,11.3
5.296875,11.3
5.296875,11.3
5.296875,11.3
5.296875,11.3
5.296875,11.3
5.296875,11.3
5.296875,11.3
5.296875,11.3
5.296875,11.3
5.296875,11.3
5.296875,11.4
5.296875,11.4
5.296875,11.4
5.296875,11.4
5.296875,11.4
5.296875,11.4
5.296875,11.4
5.296875,11.4
5.296875,11.4
5.296875,11.4
5.296875,11.4
5.296875,11.4
5.296875,11.4
5.296875,11.4
5.296875,11.4
5.296875,11.4
5.296875,11.4
5.296875,11.4
5.296875,11.4
5.296875,11.4
5.296875,11.4
5.296875,11.4
5.296875,11.4
5.296875,11.4
5.296875,11.4
5.296875,11.4
5.296875,11.4
5.296875,11.4
5.296875,11.4
5.296875,11.4
5.296875,11.4
5.296875,11.4
5.296875,11.4
5.296875,11.4
5.296875,11.4
5.296875,11.4
5.296875,11.4
5.296875,11.4
5.296875,11.4
5.296875,11.4
5.296875,11.4
5.296875,11.4
5.296875,11.4
5.296875,11.4
5.296875,11.4
5.296875,11.4
5.296875,11.4
5.296875,11.4
5.296875,11.4
5.296875,11.4
5.296875,11.4
5.296875,11.4
5.296875,11.4
5.296875,11.4
5.296875,11.4
5.296875,11.4
5.296875,11.5
5.296875,11.5
5.296875,11.5
5.296875,11.5
5.296875,11.5
5.296875,11.5
5.296875,11.5
5.296875,11.5
5.296875,11.5
5.296875,11.5
5.296875,11.5
5.296875,11.5
5.296875,11.5
5.296875,11.5
5.296875,11.5
5.296875,11.5
5.296875,11.5
5.296875,11.5
5.296875,11.5
5.296875,11.5
5.296875,11.5
5.296875,11.5
5.296875,11.5
5.296875,11.5
5.296875,11.5
5.296875,11.5
5.296875,11.5
5.296875,11.5
5.296875,11.5
5.296875,11.5
5.296875,11.5
5.296875,11.5
5.296875,11.5
5.296875,11.6
5.296875,11.6
5.296875,11.6
5.296875,11.6
5.296875,11.6
5.296875,11.6
5.296875,11.6
5.296875,11.6
5.296875,11.6
5.296875,11.6
5.296875,11.6
5.296875,11.6
5.296875,11.6
5.296875,11.6
5.296875,11.6
5.296875,11.6
5.296875,11.6
5.296875,11.6
5.296875,11.6
5.296875,11.6
5.296875,11.6
5.296875,11.6
5.296875,11.6
5.296875,11.6
5.296875,11.6
5.296875,11.6
5.296875,11.6
5.296875,11.6
5.296875,11.6
5.296875,11.6
5.296875,11.6
5.296875,11.6
5.296875,11.6
5.296875,11.6
5.296875,11.6
5.296875,11.6
5.296875,11.6
5.296875,11.7
5.296875,11.7
5.296875,11.7
5.296875,11.7
5.296875,11.7
5.296875,11.7
5.296875,11.7
5.296875,11.7
5.296875,11.7
5.296875,11.7
5.296875,11.7
5.296875,11.7
5.296875,11.7
5.296875,11.7
5.296875,11.7
5.296875,11.7
5.296875,11.7
5.296875,11.7
5.296875,11.7
5.296875,11.7
5.296875,11.7
5.296875,11.7
5.296875,11.7
5.296875,11.7
5.296875,11.7
5.296875,11.7
5.296875,11.7
5.296875,11.7
5.296875,11.7
5.296875,11.7
5.296875,11.8
5.296875,11.8
5.296875,11.8
5.296875,11.8
5.296875,11.8
5.296875,11.8
5.296875,11.8
5.296875,11.8
5.296875,11.8
5.296875,11.8
5.296875,11.8
5.296875,11.8
5.296875,11.8
5.296875,11.8
5.296875,11.8
5.296875,11.9
5.296875,11.9
5.296875,11.9
5.296875,11.9
5.296875,11.9
5.296875,11.9
5.296875,11.9
5.296875,11.9
5.296875,11.9
5.296875,11.9
5.296875,12
5.296875,12
5.296875,12
5.296875,12
5.296875,12
5.296875,12
5.296875,12
5.296875,12
5.296875,12.1
5.296875,12.1
5.296875,12.1
5.296875,12.1
5.296875,12.2
5.296875,12.2
5.296875,12.2
5.296875,12.2
5.296875,12.2
5.296875,12.3
5.296875,12.3
5.296875,12.3
5.296875,12.3
5.296875,12.4
5.380208333,10
5.380208333,10.2
5.380208333,10.4
5.380208333,10.4
5.380208333,10.4
5.380208333,10.5
5.380208333,10.6
5.380208333,10.6
5.380208333,10.6
5.380208333,10.7
5.380208333,10.7
5.380208333,10.7
5.380208333,10.7
5.380208333,10.7
5.380208333,10.7
5.380208333,10.7
5.380208333,10.8
5.380208333,10.8
5.380208333,10.8
5.380208333,10.8
5.380208333,10.8
5.380208333,10.8
5.380208333,10.8
5.380208333,10.9
5.380208333,10.9
5.380208333,10.9
5.380208333,10.9
5.380208333,10.9
5.380208333,10.9
5.380208333,10.9
5.380208333,10.9
5.380208333,10.9
5.380208333,10.9
5.380208333,10.9
5.380208333,10.9
5.380208333,10.9
5.380208333,10.9
5.380208333,11
5.380208333,11
5.380208333,11
5.380208333,11
5.380208333,11
5.380208333,11
5.380208333,11
5.380208333,11
5.380208333,11
5.380208333,11
5.380208333,11
5.380208333,11
5.380208333,11
5.380208333,11
5.380208333,11
5.380208333,11
5.380208333,11
5.380208333,11
5.380208333,11
5.380208333,11
5.380208333,11
5.380208333,11
5.380208333,11
5.380208333,11
5.380208333,11
5.380208333,11
5.380208333,11
5.380208333,11.1
5.380208333,11.1
5.380208333,11.1
5.380208333,11.1
5.380208333,11.1
5.380208333,11.1
5.380208333,11.1
5.380208333,11.1
5.380208333,11.1
5.380208333,11.1
5.380208333,11.1
5.380208333,11.1
5.380208333,11.1
5.380208333,11.1
5.380208333,11.1
5.380208333,11.1
5.380208333,11.1
5.380208333,11.1
5.380208333,11.1
5.380208333,11.1
5.380208333,11.1
5.380208333,11.1
5.380208333,11.1
5.380208333,11.1
5.380208333,11.1
5.380208333,11.1
5.380208333,11.2
5.380208333,11.2
5.380208333,11.2
5.380208333,11.2
5.380208333,11.2
5.380208333,11.2
5.380208333,11.2
5.380208333,11.2
5.380208333,11.2
5.380208333,11.2
5.380208333,11.2
5.380208333,11.2
5.380208333,11.2
5.380208333,11.2
5.380208333,11.2
5.380208333,11.2
5.380208333,11.2
5.380208333,11.2
5.380208333,11.2
5.380208333,11.2
5.380208333,11.2
5.380208333,11.2
5.380208333,11.2
5.380208333,11.2
5.380208333,11.2
5.380208333,11.2
5.380208333,11.2
5.380208333,11.2
5.380208333,11.2
5.380208333,11.3
5.380208333,11.3
5.380208333,11.3
5.380208333,11.3
5.380208333,11.3
5.380208333,11.3
5.380208333,11.3
5.380208333,11.3
5.380208333,11.3
5.380208333,11.3
5.380208333,11.3
5.380208333,11.3
5.380208333,11.3
5.380208333,11.3
5.380208333,11.3
5.380208333,11.3
5.380208333,11.3
5.380208333,11.3
5.380208333,11.3
5.380208333,11.3
5.380208333,11.3
5.380208333,11.3
5.380208333,11.3
5.380208333,11.3
5.380208333,11.3
5.380208333,11.3
5.380208333,11.3
5.380208333,11.3
5.380208333,11.3
5.380208333,11.3
5.380208333,11.3
5.380208333,11.3
5.380208333,11.3
5.380208333,11.3
5.380208333,11.3
5.380208333,11.3
5.380208333,11.3
5.380208333,11.3
5.380208333,11.3
5.380208333,11.4
5.380208333,11.4
5.380208333,11.4
5.380208333,11.4
5.380208333,11.4
5.380208333,11.4
5.380208333,11.4
5.380208333,11.4
5.380208333,11.4
5.380208333,11.4
5.380208333,11.4
5.380208333,11.4
5.380208333,11.4
5.380208333,11.4
5.380208333,11.4
5.380208333,11.4
5.380208333,11.4
5.380208333,11.4
5.380208333,11.4
5.380208333,11.4
5.380208333,11.4
5.380208333,11.4
5.380208333,11.4
5.380208333,11.4
5.380208333,11.4
5.380208333,11.4
5.380208333,11.4
5.380208333,11.4
5.380208333,11.4
5.380208333,11.4
5.380208333,11.4
5.380208333,11.4
5.380208333,11.4
5.380208333,11.4
5.380208333,11.4
5.380208333,11.4
5.380208333,11.4
5.380208333,11.4
5.380208333,11.4
5.380208333,11.4
5.380208333,11.4
5.380208333,11.4
5.380208333,11.4
5.380208333,11.4
5.380208333,11.4
5.380208333,11.4
5.380208333,11.4
5.380208333,11.4
5.380208333,11.4
5.380208333,11.4
5.380208333,11.4
5.380208333,11.4
5.380208333,11.4
5.380208333,11.4
5.380208333,11.4
5.380208333,11.4
5.380208333,11.4
5.380208333,11.4
5.380208333,11.5
5.380208333,11.5
5.380208333,11.5
5.380208333,11.5
5.380208333,11.5
5.380208333,11.5
5.380208333,11.5
5.380208333,11.5
5.380208333,11.5
5.380208333,11.5
5.380208333,11.5
5.380208333,11.5
5.380208333,11.5
5.380208333,11.5
5.380208333,11.5
5.380208333,11.5
5.380208333,11.5
5.380208333,11.5
5.380208333,11.5
5.380208333,11.5
5.380208333,11.5
5.380208333,11.5
5.380208333,11.5
5.380208333,11.5
5.380208333,11.5
5.380208333,11.5
5.380208333,11.5
5.380208333,11.5
5.380208333,11.5
5.380208333,11.5
5.380208333,11.5
5.380208333,11.5
5.380208333,11.5
5.380208333,11.5
5.380208333,11.5
5.380208333,11.5
5.380208333,11.5
5.380208333,11.5
5.380208333,11.5
5.380208333,11.5
5.380208333,11.5
5.380208333,11.5
5.380208333,11.5
5.380208333,11.5
5.380208333,11.5
5.380208333,11.5
5.380208333,11.5
5.380208333,11.5
5.380208333,11.5
5.380208333,11.5
5.380208333,11.5
5.380208333,11.5
5.380208333,11.5
5.380208333,11.5
5.380208333,11.5
5.380208333,11.5
5.380208333,11.5
5.380208333,11.6
5.380208333,11.6
5.380208333,11.6
5.380208333,11.6
5.380208333,11.6
5.380208333,11.6
5.380208333,11.6
5.380208333,11.6
5.380208333,11.6
5.380208333,11.6
5.380208333,11.6
5.380208333,11.6
5.380208333,11.6
5.380208333,11.6
5.380208333,11.6
5.380208333,11.6
5.380208333,11.6
5.380208333,11.6
5.380208333,11.6
5.380208333,11.6
5.380208333,11.6
5.380208333,11.6
5.380208333,11.6
5.380208333,11.6
5.380208333,11.6
5.380208333,11.6
5.380208333,11.6
5.380208333,11.6
5.380208333,11.6
5.380208333,11.6
5.380208333,11.6
5.380208333,11.6
5.380208333,11.6
5.380208333,11.6
5.380208333,11.6
5.380208333,11.6
5.380208333,11.6
5.380208333,11.6
5.380208333,11.6
5.380208333,11.7
5.380208333,11.7
5.380208333,11.7
5.380208333,11.7
5.380208333,11.7
5.380208333,11.7
5.380208333,11.7
5.380208333,11.7
5.380208333,11.7
5.380208333,11.7
5.380208333,11.7
5.380208333,11.7
5.380208333,11.7
5.380208333,11.7
5.380208333,11.7
5.380208333,11.7
5.380208333,11.7
5.380208333,11.7
5.380208333,11.7
5.380208333,11.7
5.380208333,11.7
5.380208333,11.7
5.380208333,11.7
5.380208333,11.7
5.380208333,11.7
5.380208333,11.7
5.380208333,11.7
5.380208333,11.7
5.380208333,11.7
5.380208333,11.7
5.380208333,11.7
5.380208333,11.7
5.380208333,11.7
5.380208333,11.7
5.380208333,11.7
5.380208333,11.7
5.380208333,11.7
5.380208333,11.8
5.380208333,11.8
5.380208333,11.8
5.380208333,11.8
5.380208333,11.8
5.380208333,11.8
5.380208333,11.8
5.380208333,11.8
5.380208333,11.8
5.380208333,11.8
5.380208333,11.8
5.380208333,11.8
5.380208333,11.8
5.380208333,11.8
5.380208333,11.8
5.380208333,11.8
5.380208333,11.8
5.380208333,11.8
5.380208333,11.8
5.380208333,11.8
5.380208333,11.8
5.380208333,11.8
5.380208333,11.8
5.380208333,11.8
5.380208333,11.8
5.380208333,11.8
5.380208333,11.8
5.380208333,11.8
5.380208333,11.8
5.380208333,11.8
5.380208333,11.8
5.380208333,11.8
5.380208333,11.8
5.380208333,11.8
5.380208333,11.8
5.380208333,11.9
5.380208333,11.9
5.380208333,11.9
5.380208333,11.9
5.380208333,11.9
5.380208333,11.9
5.380208333,11.9
5.380208333,11.9
5.380208333,11.9
5.380208333,11.9
5.380208333,11.9
5.380208333,11.9
5.380208333,11.9
5.380208333,11.9
5.380208333,11.9
5.380208333,11.9
5.380208333,11.9
5.380208333,11.9
5.380208333,11.9
5.380208333,11.9
5.380208333,11.9
5.380208333,11.9
5.380208333,11.9
5.380208333,11.9
5.380208333,11.9
5.380208333,11.9
5.380208333,11.9
5.380208333,12
5.380208333,12
5.380208333,12
5.380208333,12
5.380208333,12
5.380208333,12
5.380208333,12
5.380208333,12
5.380208333,12
5.380208333,12
5.380208333,12
5.380208333,12
5.380208333,12
5.380208333,12
5.380208333,12
5.380208333,12
5.380208333,12
5.380208333,12
5.380208333,12
5.380208333,12.1
5.380208333,12.1
5.380208333,12.1
5.380208333,12.1
5.380208333,12.1
5.380208333,12.1
5.380208333,12.1
5.380208333,12.1
5.380208333,12.1
5.380208333,12.1
5.380208333,12.1
5.380208333,12.1
5.380208333,12.1
5.380208333,12.2
5.380208333,12.2
5.380208333,12.2
5.380208333,12.2
5.380208333,12.2
5.380208333,12.2
5.380208333,12.3
5.380208333,12.3
5.380208333,12.3
5.380208333,12.3
5.380208333,12.3
5.380208333,12.3
5.380208333,12.3
5.380208333,12.3
5.380208333,12.4
5.380208333,12.4
5.380208333,12.5
5.380208333,12.6
5.380208333,12.7
5.463541667,10.5
5.463541667,10.5
5.463541667,10.5
5.463541667,10.6
5.463541667,10.7
5.463541667,10.7
5.463541667,10.7
5.463541667,10.8
5.463541667,10.9
5.463541667,10.9
5.463541667,10.9
5.463541667,10.9
5.463541667,10.9
5.463541667,10.9
5.463541667,10.9
5.463541667,10.9
5.463541667,10.9
5.463541667,10.9
5.463541667,11
5.463541667,11
5.463541667,11
5.463541667,11
5.463541667,11
5.463541667,11
5.463541667,11
5.463541667,11
5.463541667,11
5.463541667,11
5.463541667,11
5.463541667,11
5.463541667,11
5.463541667,11
5.463541667,11
5.463541667,11
5.463541667,11
5.463541667,11.1
5.463541667,11.1
5.463541667,11.1
5.463541667,11.1
5.463541667,11.1
5.463541667,11.1
5.463541667,11.1
5.463541667,11.1
5.463541667,11.1
5.463541667,11.1
5.463541667,11.1
5.463541667,11.1
5.463541667,11.1
5.463541667,11.1
5.463541667,11.1
5.463541667,11.1
5.463541667,11.1
5.463541667,11.1
5.463541667,11.1
5.463541667,11.1
5.463541667,11.1
5.463541667,11.1
5.463541667,11.1
5.463541667,11.1
5.463541667,11.2
5.463541667,11.2
5.463541667,11.2
5.463541667,11.2
5.463541667,11.2
5.463541667,11.2
5.463541667,11.2
5.463541667,11.2
5.463541667,11.2
5.463541667,11.2
5.463541667,11.2
5.463541667,11.2
5.463541667,11.2
5.463541667,11.2
5.463541667,11.2
5.463541667,11.2
5.463541667,11.2
5.463541667,11.2
5.463541667,11.2
5.463541667,11.2
5.463541667,11.2
5.463541667,11.2
5.463541667,11.2
5.463541667,11.2
5.463541667,11.2
5.463541667,11.2
5.463541667,11.2
5.463541667,11.3
5.463541667,11.3
5.463541667,11.3
5.463541667,11.3
5.463541667,11.3
5.463541667,11.3
5.463541667,11.3
5.463541667,11.3
5.463541667,11.3
5.463541667,11.3
5.463541667,11.3
5.463541667,11.3
5.463541667,11.3
5.463541667,11.3
5.463541667,11.3
5.463541667,11.3
5.463541667,11.3
5.463541667,11.3
5.463541667,11.3
5.463541667,11.3
5.463541667,11.3
5.463541667,11.3
5.463541667,11.3
5.463541667,11.3
5.463541667,11.3
5.463541667,11.3
5.463541667,11.4
5.463541667,11.4
5.463541667,11.4
5.463541667,11.4
5.463541667,11.4
5.463541667,11.4
5.463541667,11.4
5.463541667,11.4
5.463541667,11.4
5.463541667,11.4
5.463541667,11.4
5.463541667,11.4
5.463541667,11.4
5.463541667,11.4
5.463541667,11.4
5.463541667,11.4
5.463541667,11.4
5.463541667,11.4
5.463541667,11.4
5.463541667,11.4
5.463541667,11.4
5.463541667,11.4
5.463541667,11.4
5.463541667,11.4
5.463541667,11.4
5.463541667,11.4
5.463541667,11.5
5.463541667,11.5
5.463541667,11.5
5.463541667,11.5
5.463541667,11.5
5.463541667,11.5
5.463541667,11.5
5.463541667,11.5
5.463541667,11.5
5.463541667,11.5
5.463541667,11.5
5.463541667,11.5
5.463541667,11.5
5.463541667,11.5
5.463541667,11.5
5.463541667,11.5
5.463541667,11.5
5.463541667,11.5
5.463541667,11.5
5.463541667,11.5
5.463541667,11.5
5.463541667,11.5
5.463541667,11.5
5.463541667,11.5
5.463541667,11.5
5.463541667,11.5
5.463541667,11.5
5.463541667,11.5
5.463541667,11.5
5.463541667,11.5
5.463541667,11.5
5.463541667,11.5
5.463541667,11.5
5.463541667,11.5
5.463541667,11.5
5.463541667,11.5
5.463541667,11.5
5.463541667,11.5
5.463541667,11.6
5.463541667,11.6
5.463541667,11.6
5.463541667,11.6
5.463541667,11.6
5.463541667,11.6
5.463541667,11.6
5.463541667,11.6
5.463541667,11.6
5.463541667,11.6
5.463541667,11.6
5.463541667,11.6
5.463541667,11.6
5.463541667,11.6
5.463541667,11.6
5.463541667,11.6
5.463541667,11.6
5.463541667,11.6
5.463541667,11.6
5.463541667,11.6
5.463541667,11.6
5.463541667,11.6
5.463541667,11.6
5.463541667,11.6
5.463541667,11.6
5.463541667,11.6
5.463541667,11.6
5.463541667,11.6
5.463541667,11.6
5.463541667,11.6
5.463541667,11.6
5.463541667,11.6
5.463541667,11.6
5.463541667,11.6
5.463541667,11.6
5.463541667,11.6
5.463541667,11.6
5.463541667,11.6
5.463541667,11.6
5.463541667,11.6
5.463541667,11.6
5.463541667,11.6
5.463541667,11.6
5.463541667,11.6
5.463541667,11.6
5.463541667,11.6
5.463541667,11.6
5.463541667,11.6
5.463541667,11.7
5.463541667,11.7
5.463541667,11.7
5.463541667,11.7
5.463541667,11.7
5.463541667,11.7
5.463541667,11.7
5.463541667,11.7
5.463541667,11.7
5.463541667,11.7
5.463541667,11.7
5.463541667,11.7
5.463541667,11.7
5.463541667,11.7
5.463541667,11.7
5.463541667,11.7
5.463541667,11.7
5.463541667,11.7
5.463541667,11.7
5.463541667,11.7
5.463541667,11.7
5.463541667,11.7
5.463541667,11.7
5.463541667,11.7
5.463541667,11.7
5.463541667,11.7
5.463541667,11.7
5.463541667,11.7
5.463541667,11.7
5.463541667,11.7
5.463541667,11.7
5.463541667,11.7
5.463541667,11.7
5.463541667,11.7
5.463541667,11.7
5.463541667,11.7
5.463541667,11.7
5.463541667,11.7
5.463541667,11.7
5.463541667,11.7
5.463541667,11.7
5.463541667,11.7
5.463541667,11.7
5.463541667,11.7
5.463541667,11.7
5.463541667,11.7
5.463541667,11.7
5.463541667,11.7
5.463541667,11.8
5.463541667,11.8
5.463541667,11.8
5.463541667,11.8
5.463541667,11.8
5.463541667,11.8
5.463541667,11.8
5.463541667,11.8
5.463541667,11.8
5.463541667,11.8
5.463541667,11.8
5.463541667,11.8
5.463541667,11.8
5.463541667,11.8
5.463541667,11.8
5.463541667,11.8
5.463541667,11.8
5.463541667,11.8
5.463541667,11.8
5.463541667,11.8
5.463541667,11.8
5.463541667,11.8
5.463541667,11.8
5.463541667,11.8
5.463541667,11.8
5.463541667,11.8
5.463541667,11.8
5.463541667,11.8
5.463541667,11.8
5.463541667,11.8
5.463541667,11.8
5.463541667,11.8
5.463541667,11.8
5.463541667,11.8
5.463541667,11.8
5.463541667,11.8
5.463541667,11.8
5.463541667,11.8
5.463541667,11.8
5.463541667,11.8
5.463541667,11.8
5.463541667,11.9
5.463541667,11.9
5.463541667,11.9
5.463541667,11.9
5.463541667,11.9
5.463541667,11.9
5.463541667,11.9
5.463541667,11.9
5.463541667,11.9
5.463541667,11.9
5.463541667,11.9
5.463541667,11.9
5.463541667,11.9
5.463541667,11.9
5.463541667,11.9
5.463541667,11.9
5.463541667,11.9
5.463541667,11.9
5.463541667,11.9
5.463541667,11.9
5.463541667,11.9
5.463541667,11.9
5.463541667,11.9
5.463541667,11.9
5.463541667,11.9
5.463541667,11.9
5.463541667,11.9
5.463541667,11.9
5.463541667,11.9
5.463541667,11.9
5.463541667,11.9
5.463541667,11.9
5.463541667,12
5.463541667,12
5.463541667,12
5.463541667,12
5.463541667,12
5.463541667,12
5.463541667,12
5.463541667,12
5.463541667,12
5.463541667,12
5.463541667,12
5.463541667,12
5.463541667,12
5.463541667,12
5.463541667,12
5.463541667,12
5.463541667,12
5.463541667,12
5.463541667,12
5.463541667,12
5.463541667,12
5.463541667,12
5.463541667,12
5.463541667,12
5.463541667,12
5.463541667,12
5.463541667,12
5.463541667,12
5.463541667,12
5.463541667,12
5.463541667,12
5.463541667,12
5.463541667,12
5.463541667,12
5.463541667,12
5.463541667,12
5.463541667,12
5.463541667,12
5.463541667,12
5.463541667,12
5.463541667,12
5.463541667,12
5.463541667,12.1
5.463541667,12.1
5.463541667,12.1
5.463541667,12.1
5.463541667,12.1
5.463541667,12.1
5.463541667,12.1
5.463541667,12.1
5.463541667,12.1
5.463541667,12.1
5.463541667,12.1
5.463541667,12.1
5.463541667,12.1
5.463541667,12.1
5.463541667,12.1
5.463541667,12.1
5.463541667,12.1
5.463541667,12.1
5.463541667,12.1
5.463541667,12.1
5.463541667,12.1
5.463541667,12.1
5.463541667,12.2
5.463541667,12.2
5.463541667,12.2
5.463541667,12.2
5.463541667,12.2
5.463541667,12.2
5.463541667,12.2
5.463541667,12.2
5.463541667,12.2
5.463541667,12.2
5.463541667,12.2
5.463541667,12.2
5.463541667,12.2
5.463541667,12.2
5.463541667,12.2
5.463541667,12.2
5.463541667,12.2
5.463541667,12.2
5.463541667,12.2
5.463541667,12.2
5.463541667,12.2
5.463541667,12.2
5.463541667,12.2
5.463541667,12.3
5.463541667,12.3
5.463541667,12.3
5.463541667,12.3
5.463541667,12.3
5.463541667,12.3
5.463541667,12.3
5.463541667,12.3
5.463541667,12.3
5.463541667,12.3
5.463541667,12.4
5.463541667,12.4
5.463541667,12.4
5.463541667,12.4
5.463541667,12.4
5.463541667,12.4
5.463541667,12.4
5.463541667,12.5
5.463541667,12.5
5.463541667,12.5
5.463541667,12.7
5.463541667,12.8
5.463541667,13
5.463541667,13
5.463541667,13
5.463541667,13.2
5.546875,10.5
5.546875,10.7
5.546875,10.8
5.546875,10.8
5.546875,10.9
5.546875,10.9
5.546875,10.9
5.546875,10.9
5.546875,11
5.546875,11
5.546875,11
5.546875,11
5.546875,11
5.546875,11
5.546875,11
5.546875,11
5.546875,11
5.546875,11
5.546875,11.1
5.546875,11.1
5.546875,11.1
5.546875,11.1
5.546875,11.1
5.546875,11.1
5.546875,11.1
5.546875,11.2
5.546875,11.2
5.546875,11.2
5.546875,11.2
5.546875,11.2
5.546875,11.2
5.546875,11.2
5.546875,11.2
5.546875,11.2
5.546875,11.2
5.546875,11.2
5.546875,11.2
5.546875,11.2
5.546875,11.2
5.546875,11.2
5.546875,11.2
5.546875,11.2
5.546875,11.2
5.546875,11.2
5.546875,11.2
5.546875,11.3
5.546875,11.3
5.546875,11.3
5.546875,11.3
5.546875,11.3
5.546875,11.3
5.546875,11.3
5.546875,11.3
5.546875,11.3
5.546875,11.3
5.546875,11.3
5.546875,11.3
5.546875,11.3
5.546875,11.3
5.546875,11.3
5.546875,11.3
5.546875,11.3
5.546875,11.3
5.546875,11.3
5.546875,11.3
5.546875,11.3
5.546875,11.3
5.546875,11.3
5.546875,11.3
5.546875,11.4
5.546875,11.4
5.546875,11.4
5.546875,11.4
5.546875,11.4
5.546875,11.4
5.546875,11.4
5.546875,11.4
5.546875,11.4
5.546875,11.4
5.546875,11.4
5.546875,11.4
5.546875,11.4
5.546875,11.4
5.546875,11.4
5.546875,11.4
5.546875,11.4
5.546875,11.4
5.546875,11.4
5.546875,11.4
5.546875,11.4
5.546875,11.4
5.546875,11.5
5.546875,11.5
5.546875,11.5
5.546875,11.5
5.546875,11.5
5.546875,11.5
5.546875,11.5
5.546875,11.5
5.546875,11.5
5.546875,11.5
5.546875,11.5
5.546875,11.5
5.546875,11.5
5.546875,11.5
5.546875,11.5
5.546875,11.5
5.546875,11.5
5.546875,11.5
5.546875,11.5
5.546875,11.5
5.546875,11.5
5.546875,11.5
5.546875,11.5
5.546875,11.5
5.546875,11.5
5.546875,11.5
5.546875,11.5
5.546875,11.5
5.546875,11.5
5.546875,11.5
5.546875,11.5
5.546875,11.5
5.546875,11.5
5.546875,11.5
5.546875,11.6
5.546875,11.6
5.546875,11.6
5.546875,11.6
5.546875,11.6
5.546875,11.6
5.546875,11.6
5.546875,11.6
5.546875,11.6
5.546875,11.6
5.546875,11.6
5.546875,11.6
5.546875,11.6
5.546875,11.6
5.546875,11.6
5.546875,11.6
5.546875,11.6
5.546875,11.6
5.546875,11.6
5.546875,11.6
5.546875,11.6
5.546875,11.6
5.546875,11.6
5.546875,11.6
5.546875,11.6
5.546875,11.6
5.546875,11.6
5.546875,11.6
5.546875,11.6
5.546875,11.6
5.546875,11.6
5.546875,11.6
5.546875,11.6
5.546875,11.6
5.546875,11.6
5.546875,11.6
5.546875,11.6
5.546875,11.6
5.546875,11.7
5.546875,11.7
5.546875,11.7
5.546875,11.7
5.546875,11.7
5.546875,11.7
5.546875,11.7
5.546875,11.7
5.546875,11.7
5.546875,11.7
5.546875,11.7
5.546875,11.7
5.546875,11.7
5.546875,11.7
5.546875,11.7
5.546875,11.7
5.546875,11.7
5.546875,11.7
5.546875,11.7
5.546875,11.7
5.546875,11.7
5.546875,11.7
5.546875,11.7
5.546875,11.7
5.546875,11.7
5.546875,11.7
5.546875,11.7
5.546875,11.7
5.546875,11.7
5.546875,11.7
5.546875,11.7
5.546875,11.7
5.546875,11.7
5.546875,11.7
5.546875,11.7
5.546875,11.7
5.546875,11.7
5.546875,11.7
5.546875,11.7
5.546875,11.7
5.546875,11.7
5.546875,11.7
5.546875,11.7
5.546875,11.7
5.546875,11.7
5.546875,11.8
5.546875,11.8
5.546875,11.8
5.546875,11.8
5.546875,11.8
5.546875,11.8
5.546875,11.8
5.546875,11.8
5.546875,11.8
5.546875,11.8
5.546875,11.8
5.546875,11.8
5.546875,11.8
5.546875,11.8
5.546875,11.8
5.546875,11.8
5.546875,11.8
5.546875,11.8
5.546875,11.8
5.546875,11.8
5.546875,11.8
5.546875,11.8
5.546875,11.8
5.546875,11.8
5.546875,11.8
5.546875,11.8
5.546875,11.8
5.546875,11.8
5.546875,11.8
5.546875,11.8
5.546875,11.8
5.546875,11.8
5.546875,11.8
5.546875,11.8
5.546875,11.9
5.546875,11.9
5.546875,11.9
5.546875,11.9
5.546875,11.9
5.546875,11.9
5.546875,11.9
5.546875,11.9
5.546875,11.9
5.546875,11.9
5.546875,11.9
5.546875,11.9
5.546875,11.9
5.546875,11.9
5.546875,11.9
5.546875,11.9
5.546875,11.9
5.546875,11.9
5.546875,11.9
5.546875,11.9
5.546875,11.9
5.546875,11.9
5.546875,11.9
5.546875,11.9
5.546875,11.9
5.546875,11.9
5.546875,11.9
5.546875,11.9
5.546875,11.9
5.546875,11.9
5.546875,11.9
5.546875,11.9
5.546875,11.9
5.546875,11.9
5.546875,11.9
5.546875,12
5.546875,12
5.546875,12
5.546875,12
5.546875,12
5.546875,12
5.546875,12
5.546875,12
5.546875,12
5.546875,12
5.546875,12
5.546875,12
5.546875,12
5.546875,12
5.546875,12
5.546875,12
5.546875,12
5.546875,12
5.546875,12
5.546875,12
5.546875,12
5.546875,12
5.546875,12
5.546875,12
5.546875,12
5.546875,12
5.546875,12
5.546875,12
5.546875,12
5.546875,12
5.546875,12
5.546875,12
5.546875,12
5.546875,12
5.546875,12
5.546875,12
5.546875,12
5.546875,12
5.546875,12
5.546875,12.1
5.546875,12.1
5.546875,12.1
5.546875,12.1
5.546875,12.1
5.546875,12.1
5.546875,12.1
5.546875,12.1
5.546875,12.1
5.546875,12.1
5.546875,12.1
5.546875,12.1
5.546875,12.1
5.546875,12.1
5.546875,12.1
5.546875,12.1
5.546875,12.1
5.546875,12.1
5.546875,12.1
5.546875,12.1
5.546875,12.1
5.546875,12.1
5.546875,12.1
5.546875,12.1
5.546875,12.1
5.546875,12.1
5.546875,12.1
5.546875,12.1
5.546875,12.2
5.546875,12.2
5.546875,12.2
5.546875,12.2
5.546875,12.2
5.546875,12.2
5.546875,12.2
5.546875,12.2
5.546875,12.2
5.546875,12.2
5.546875,12.2
5.546875,12.2
5.546875,12.2
5.546875,12.2
5.546875,12.2
5.546875,12.2
5.546875,12.2
5.546875,12.3
5.546875,12.3
5.546875,12.3
5.546875,12.3
5.546875,12.3
5.546875,12.3
5.546875,12.3
5.546875,12.3
5.546875,12.3
5.546875,12.3
5.546875,12.3
5.546875,12.3
5.546875,12.3
5.546875,12.4
5.546875,12.4
5.546875,12.4
5.546875,12.4
5.546875,12.4
5.546875,12.4
5.546875,12.4
5.546875,12.4
5.546875,12.4
5.546875,12.4
5.546875,12.4
5.546875,12.4
5.546875,12.5
5.546875,12.5
5.546875,12.5
5.546875,12.5
5.546875,12.5
5.546875,12.5
5.546875,12.5
5.546875,12.5
5.546875,12.5
5.546875,12.5
5.546875,12.5
5.546875,12.5
5.546875,12.6
5.546875,12.6
5.546875,12.6
5.546875,12.7
5.546875,12.7
5.546875,12.7
5.546875,12.7
5.546875,12.7
5.546875,12.7
5.546875,12.7
5.546875,12.8
5.546875,12.8
5.546875,12.9
5.546875,13.1
5.546875,13.2
5.630208333,10.7
5.630208333,10.7
5.630208333,10.8
5.630208333,10.9
5.630208333,11
5.630208333,11
5.630208333,11
5.630208333,11
5.630208333,11
5.630208333,11
5.630208333,11.1
5.630208333,11.1
5.630208333,11.1
5.630208333,11.1
5.630208333,11.2
5.630208333,11.2
5.630208333,11.2
5.630208333,11.2
5.630208333,11.3
5.630208333,11.3
5.630208333,11.3
5.630208333,11.3
5.630208333,11.3
5.630208333,11.3
5.630208333,11.3
5.630208333,11.4
5.630208333,11.4
5.630208333,11.4
5.630208333,11.4
5.630208333,11.4
5.630208333,11.4
5.630208333,11.4
5.630208333,11.4
5.630208333,11.4
5.630208333,11.4
5.630208333,11.5
5.630208333,11.5
5.630208333,11.5
5.630208333,11.5
5.630208333,11.5
5.630208333,11.5
5.630208333,11.5
5.630208333,11.5
5.630208333,11.5
5.630208333,11.5
5.630208333,11.5
5.630208333,11.5
5.630208333,11.5
5.630208333,11.5
5.630208333,11.5
5.630208333,11.5
5.630208333,11.5
5.630208333,11.5
5.630208333,11.5
5.630208333,11.5
5.630208333,11.5
5.630208333,11.5
5.630208333,11.5
5.630208333,11.5
5.630208333,11.5
5.630208333,11.6
5.630208333,11.6
5.630208333,11.6
5.630208333,11.6
5.630208333,11.6
5.630208333,11.6
5.630208333,11.6
5.630208333,11.6
5.630208333,11.6
5.630208333,11.6
5.630208333,11.6
5.630208333,11.6
5.630208333,11.6
5.630208333,11.6
5.630208333,11.6
5.630208333,11.6
5.630208333,11.6
5.630208333,11.6
5.630208333,11.6
5.630208333,11.6
5.630208333,11.6
5.630208333,11.6
5.630208333,11.6
5.630208333,11.6
5.630208333,11.6
5.630208333,11.6
5.630208333,11.6
5.630208333,11.7
5.630208333,11.7
5.630208333,11.7
5.630208333,11.7
5.630208333,11.7
5.630208333,11.7
5.630208333,11.7
5.630208333,11.7
5.630208333,11.7
5.630208333,11.7
5.630208333,11.7
5.630208333,11.7
5.630208333,11.7
5.630208333,11.7
5.630208333,11.7
5.630208333,11.7
5.630208333,11.7
5.630208333,11.7
5.630208333,11.7
5.630208333,11.7
5.630208333,11.7
5.630208333,11.7
5.630208333,11.7
5.630208333,11.7
5.630208333,11.8
5.630208333,11.8
5.630208333,11.8
5.630208333,11.8
5.630208333,11.8
5.630208333,11.8
5.630208333,11.8
5.630208333,11.8
5.630208333,11.8
5.630208333,11.8
5.630208333,11.8
5.630208333,11.8
5.630208333,11.8
5.630208333,11.8
5.630208333,11.8
5.630208333,11.8
5.630208333,11.8
5.630208333,11.8
5.630208333,11.8
5.630208333,11.8
5.630208333,11.8
5.630208333,11.8
5.630208333,11.8
5.630208333,11.8
5.630208333,11.8
5.630208333,11.8
5.630208333,11.8
5.630208333,11.8
5.630208333,11.8
5.630208333,11.9
5.630208333,11.9
5.630208333,11.9
5.630208333,11.9
5.630208333,11.9
5.630208333,11.9
5.630208333,11.9
5.630208333,11.9
5.630208333,11.9
5.630208333,11.9
5.630208333,11.9
5.630208333,11.9
5.630208333,11.9
5.630208333,11.9
5.630208333,11.9
5.630208333,11.9
5.630208333,11.9
5.630208333,11.9
5.630208333,11.9
5.630208333,12
5.630208333,12
5.630208333,12
5.630208333,12
5.630208333,12
5.630208333,12
5.630208333,12
5.630208333,12
5.630208333,12
5.630208333,12
5.630208333,12
5.630208333,12
5.630208333,12
5.630208333,12
5.630208333,12
5.630208333,12
5.630208333,12
5.630208333,12
5.630208333,12
5.630208333,12
5.630208333,12
5.630208333,12
5.630208333,12.1
5.630208333,12.1
5.630208333,12.1
5.630208333,12.1
5.630208333,12.1
5.630208333,12.1
5.630208333,12.1
5.630208333,12.1
5.630208333,12.1
5.630208333,12.1
5.630208333,12.1
5.630208333,12.1
5.630208333,12.1
5.630208333,12.1
5.630208333,12.1
5.630208333,12.2
5.630208333,12.2
5.630208333,12.2
5.630208333,12.2
5.630208333,12.2
5.630208333,12.2
5.630208333,12.2
5.630208333,12.2
5.630208333,12.2
5.630208333,12.2
5.630208333,12.2
5.630208333,12.2
5.630208333,12.2
5.630208333,12.2
5.630208333,12.2
5.630208333,12.2
5.630208333,12.3
5.630208333,12.3
5.630208333,12.3
5.630208333,12.3
5.630208333,12.3
5.630208333,12.3
5.630208333,12.3
5.630208333,12.3
5.630208333,12.3
5.630208333,12.3
5.630208333,12.3
5.630208333,12.3
5.630208333,12.3
5.630208333,12.3
5.630208333,12.3
5.630208333,12.3
5.630208333,12.3
5.630208333,12.3
5.630208333,12.3
5.630208333,12.3
5.630208333,12.4
5.630208333,12.4
5.630208333,12.4
5.630208333,12.4
5.630208333,12.5
5.630208333,12.5
5.630208333,12.5
5.630208333,12.5
5.630208333,12.5
5.630208333,12.5
5.630208333,12.5
5.630208333,12.5
5.630208333,12.5
5.630208333,12.5
5.630208333,12.5
5.630208333,12.6
5.630208333,12.6
5.630208333,12.6
5.630208333,12.6
5.630208333,12.6
5.630208333,12.7
5.630208333,12.7
5.630208333,12.7
5.630208333,12.7
5.630208333,12.7
5.630208333,12.8
5.630208333,12.8
5.630208333,12.8
5.630208333,12.9
5.630208333,12.9
5.630208333,13
5.630208333,13.1
5.713541667,10.5
5.713541667,10.6
5.713541667,11.1
5.713541667,11.2
5.713541667,11.3
5.713541667,11.3
5.713541667,11.4
5.713541667,11.4
5.713541667,11.4
5.713541667,11.4
5.713541667,11.4
5.713541667,11.4
5.713541667,11.4
5.713541667,11.4
5.713541667,11.4
5.713541667,11.4
5.713541667,11.4
5.713541667,11.5
5.713541667,11.5
5.713541667,11.5
5.713541667,11.5
5.713541667,11.5
5.713541667,11.5
5.713541667,11.5
5.713541667,11.5
5.713541667,11.5
5.713541667,11.5
5.713541667,11.5
5.713541667,11.6
5.713541667,11.6
5.713541667,11.6
5.713541667,11.6
5.713541667,11.6
5.713541667,11.6
5.713541667,11.6
5.713541667,11.6
5.713541667,11.6
5.713541667,11.6
5.713541667,11.6
5.713541667,11.6
5.713541667,11.7
5.713541667,11.7
5.713541667,11.7
5.713541667,11.7
5.713541667,11.7
5.713541667,11.7
5.713541667,11.7
5.713541667,11.7
5.713541667,11.7
5.713541667,11.8
5.713541667,11.8
5.713541667,11.8
5.713541667,11.8
5.713541667,11.8
5.713541667,11.8
5.713541667,11.8
5.713541667,11.8
5.713541667,11.8
5.713541667,11.8
5.713541667,11.9
5.713541667,11.9
5.713541667,11.9
5.713541667,11.9
5.713541667,11.9
5.713541667,11.9
5.713541667,11.9
5.713541667,11.9
5.713541667,11.9
5.713541667,11.9
5.713541667,12
5.713541667,12
5.713541667,12
5.713541667,12
5.713541667,12
5.713541667,12
5.713541667,12
5.713541667,12
5.713541667,12
5.713541667,12
5.713541667,12
5.713541667,12
5.713541667,12
5.713541667,12
5.713541667,12
5.713541667,12
5.713541667,12.1
5.713541667,12.1
5.713541667,12.1
5.713541667,12.1
5.713541667,12.1
5.713541667,12.1
5.713541667,12.1
5.713541667,12.1
5.713541667,12.1
5.713541667,12.1
5.713541667,12.1
5.713541667,12.1
5.713541667,12.1
5.713541667,12.1
5.713541667,12.1
5.713541667,12.1
5.713541667,12.1
5.713541667,12.1
5.713541667,12.1
5.713541667,12.1
5.713541667,12.1
5.713541667,12.1
5.713541667,12.1
5.713541667,12.1
5.713541667,12.1
5.713541667,12.1
5.713541667,12.1
5.713541667,12.2
5.713541667,12.2
5.713541667,12.2
5.713541667,12.2
5.713541667,12.2
5.713541667,12.2
5.713541667,12.2
5.713541667,12.2
5.713541667,12.2
5.713541667,12.2
5.713541667,12.2
5.713541667,12.3
5.713541667,12.3
5.713541667,12.3
5.713541667,12.3
5.713541667,12.3
5.713541667,12.3
5.713541667,12.3
5.713541667,12.3
5.713541667,12.3
5.713541667,12.3
5.713541667,12.3
5.713541667,12.3
5.713541667,12.3
5.713541667,12.3
5.713541667,12.3
5.713541667,12.3
5.713541667,12.3
5.713541667,12.3
5.713541667,12.3
5.713541667,12.3
5.713541667,12.3
5.713541667,12.3
5.713541667,12.3
5.713541667,12.4
5.713541667,12.4
5.713541667,12.4
5.713541667,12.4
5.713541667,12.4
5.713541667,12.4
5.713541667,12.4
5.713541667,12.5
5.713541667,12.5
5.713541667,12.5
5.713541667,12.5
5.713541667,12.5
5.713541667,12.5
5.713541667,12.5
5.713541667,12.5
5.713541667,12.6
5.713541667,12.6
5.713541667,12.6
5.713541667,12.6
5.713541667,12.6
5.713541667,12.6
5.713541667,12.6
5.713541667,12.7
5.713541667,12.7
5.713541667,12.7
5.713541667,12.7
5.713541667,12.7
5.713541667,12.8
5.713541667,12.9
5.713541667,12.9
5.713541667,13.2
5.796875,11.5
5.796875,11.5
5.796875,11.6
5.796875,11.6
5.796875,11.7
5.796875,11.7
5.796875,11.7
5.796875,11.7
5.796875,11.7
5.796875,11.7
5.796875,11.7
5.796875,11.7
5.796875,11.7
5.796875,11.8
5.796875,11.8
5.796875,11.8
5.796875,11.8
5.796875,11.8
5.796875,11.9
5.796875,11.9
5.796875,11.9
5.796875,11.9
5.796875,11.9
5.796875,11.9
5.796875,11.9
5.796875,11.9
5.796875,11.9
5.796875,12
5.796875,12
5.796875,12
5.796875,12
5.796875,12
5.796875,12
5.796875,12
5.796875,12
5.796875,12.1
5.796875,12.1
5.796875,12.1
5.796875,12.1
5.796875,12.1
5.796875,12.1
5.796875,12.1
5.796875,12.1
5.796875,12.1
5.796875,12.1
5.796875,12.2
5.796875,12.2
5.796875,12.2
5.796875,12.2
5.796875,12.2
5.796875,12.2
5.796875,12.2
5.796875,12.2
5.796875,12.3
5.796875,12.3
5.796875,12.3
5.796875,12.3
5.796875,12.3
5.796875,12.3
5.796875,12.4
5.796875,12.4
5.796875,12.4
5.796875,12.4
5.796875,12.4
5.796875,12.4
5.796875,12.4
5.796875,12.5
5.796875,12.5
5.796875,12.5
5.796875,12.5
5.796875,12.5
5.796875,12.5
5.796875,12.6
5.796875,12.6
5.796875,12.6
5.796875,12.6
5.796875,12.6
5.796875,12.6
5.796875,12.6
5.796875,12.6
5.796875,12.7
5.796875,12.7
5.796875,12.7
5.796875,12.7
5.796875,12.7
5.796875,12.7
5.796875,12.7
5.796875,12.7
5.796875,12.8
5.796875,12.8
5.796875,12.8
5.796875,12.8
5.796875,12.8
5.796875,12.8
5.796875,12.8
5.796875,12.8
5.796875,13
5.880208333,11.6
5.880208333,11.6
5.880208333,11.7
5.880208333,11.7
5.880208333,11.8
5.880208333,11.9
5.880208333,11.9
5.880208333,11.9
5.880208333,12
5.880208333,12
5.880208333,12.1
5.880208333,12.1
5.880208333,12.1
5.880208333,12.1
5.880208333,12.2
5.880208333,12.3
5.880208333,12.3
5.880208333,12.3
5.880208333,12.3
5.880208333,12.3
5.880208333,12.4
5.880208333,12.5
5.880208333,12.5
5.880208333,12.5
5.880208333,12.5
5.880208333,12.5
5.880208333,12.5
5.880208333,12.5
5.880208333,12.5
5.880208333,12.6
5.880208333,12.6
5.880208333,12.6
5.880208333,12.6
5.880208333,12.6
5.880208333,12.6
5.880208333,12.7
5.880208333,12.7
5.880208333,12.8
5.880208333,12.8
5.880208333,12.8
5.880208333,12.8
5.880208333,12.8
5.880208333,12.9
5.880208333,13.2
5.880208333,13.2
5.880208333,13.2
5.963541667,11.9
5.963541667,12
5.963541667,12
5.963541667,12.1
5.963541667,12.2
5.963541667,12.6
5.963541667,12.6
5.963541667,12.6
5.963541667,12.7
5.963541667,12.7
5.963541667,12.8
5.963541667,12.8
5.963541667,12.8
5.963541667,12.9
5.963541667,13
5.963541667,13
5.963541667,13.3
6.046875,11.6
6.046875,12.5
6.046875,12.5
6.046875,12.6
6.046875,12.8
6.046875,13
6.046875,13.5
6.130208333,12.4
6.130208333,12.6
6.130208333,12.8
6.130208333,13.3
6.380208333,11.2